root,child,incremental visits
belong_to_a_conference_volume,belong_to_a_conference_volume,2
is_a_topis_of_conference_parts,is_a_topis_of_conference_parts,2
contributes,contributes,2
invites_co-reviewers,invites_co-reviewers,2
invites_co-reviewers,invites_co-reviewers,4
was_a_program_committee_of,was_a_committee_of,1
was_a_committee_of,was_a_committee_of,2
has_a_review_expertise,has_a_review_expertise,2
was_a_committe_co-chair_of,was_a_committe_co-chair_of,2
was_a_committee_chair_of,was_a_member_of,1
was_a_member_of,was_a_member_of,2
was_a_committee_chair_of,was_a_member_of,3
was_a_member_of,was_a_member_of,4
has_a_review,has_a_review,2
has_tutorials,has_tutorials,2
has_a_program_committee,has_a_commtitee,1
has_a_commtitee,has_a_commtitee,2
has_been_assigned_a_review_reference,has_been_assigned_a_review_reference,2
has_a_commtitee,has_a_commtitee,4
has_a_publisher,has_a_publisher,2
has_a_review,has_a_review,4
has_contributions,has_contributions,2
has_a_track-workshop-tutorial_chair,has_a_track-workshop-tutorial_chair,2
has_a_topic_or_a_submission_contribution,has_a_topic_or_a_submission_contribution,2
has_tracks,has_parts,1
has_parts,has_parts,2
has_a_committee_co-chair,has_a_committee_co-chair,2
has_workshops,has_workshops,2
is_part_of_conference_volumes,is_part_of_conference_volumes,2
has_an_abstract,has_an_abstract,2
has_a_review,has_a_review,6
gives_presentations,gives_presentations,2
has_been_assigned_a_review_reference,has_been_assigned_a_review_reference,4
is_submitted_at,is_submitted_at,2
was_a_committee_chair_of,was_a_committee_chair_of,4
is_the_1th_part_of,is_the_1th_part_of,2
is_submitted_at,is_submitted_at,4
has_a_track-workshop-tutorial_topic,has_a_track-workshop-tutorial_topic,2
invited_by,invited_by,2
has_been_assigned_a_review_reference,has_been_assigned_a_review_reference,6
has_a_review,has_a_review,8
has_a_commtitee,has_a_commtitee,6
belong_to_a_conference_volume,belong_to_a_conference_volume,4
belongs_to_a_review_reference,belongs_to_a_review_reference,2
was_a_committee_chair_of,was_a_committee_chair_of,6
has_a_review_reference_or_expertise,has_a_review_reference_or_expertise,2
gives_presentations,gives_presentations,4
has_a_track-workshop-tutorial_chair,has_a_track-workshop-tutorial_chair,4
was_a_steering_committee_of,was_a_committee_of,3
was_a_committee_of,was_a_committee_of,4
has_important_dates,has_important_dates,2
was_a_member_of,was_a_member_of,6
belongs_to_reviewers,belongs_to_reviewers,2
has_an_abstract,has_an_abstract,4
is_the_1th_part_of,is_the_1th_part_of,4
has_a_committee_co-chair,has_members,1
has_members,has_members,2
belongs_to_reviewers,belongs_to_reviewers,4
gives_presentations,gives_presentations,6
gives_presentations,gives_presentations,8
has_a_commtitee,has_a_commtitee,8
has_important_dates,has_important_dates,4
was_a_committee_of,was_a_committee_of,6
has_tracks,has_parts,3
has_parts,has_parts,4
is_part_of_conference_volumes,is_part_of_conference_volumes,4
has_a_publisher,has_a_publisher,4
belongs_to_reviewers,belongs_to_reviewers,6
has_a_review_reference_or_expertise,has_a_review_reference_or_expertise,4
is_a_topis_of_conference_parts,is_a_topis_of_conference_parts,4
has_workshops,has_parts,5
has_parts,has_parts,6
has_contributions,has_contributions,4
reviews,reviews,2
has_a_program_committee,has_a_commtitee,9
has_a_commtitee,has_a_commtitee,10
has_important_dates,has_important_dates,6
is_the_1th_part_of,is_the_1th_part_of,6
belongs_to_reviewers,belongs_to_reviewers,8
is_part_of_conference_volumes,is_part_of_conference_volumes,6
has_been_assigned_a_review_reference,has_been_assigned_a_review_reference,8
has_a_review_expertise,has_a_review_expertise,4
is_part_of_conference_volumes,is_part_of_conference_volumes,8
was_a_program_committee_of,was_a_committee_of,7
was_a_committee_of,was_a_committee_of,8
has_a_commtitee,has_a_commtitee,12
belongs_to_reviewers,belongs_to_reviewers,10
has_a_track-workshop-tutorial_chair,has_a_track-workshop-tutorial_chair,6
was_a_committee_of,was_a_committee_of,10
was_a_track-workshop_chair_of,was_a_track-workshop_chair_of,2
has_a_track-workshop-tutorial_chair,has_a_track-workshop-tutorial_chair,8
belongs_to_reviewers,belongs_to_reviewers,12
has_a_review_reference_or_expertise,has_a_review_reference_or_expertise,6
has_contributions,has_contributions,6
has_a_program_committee,has_a_commtitee,13
has_a_commtitee,has_a_commtitee,14
has_contributions,has_contributions,8
has_a_program_committee,has_a_program_committee,5
has_a_committee_chair,has_a_committee_chair,2
has_contributions,has_contributions,10
was_a_track-workshop_chair_of,was_a_track-workshop_chair_of,4
was_a_committe_co-chair_of,was_a_member_of,7
was_a_member_of,was_a_member_of,8
has_a_steering_committee,has_a_steering_committee,2
has_a_track-workshop-tutorial_topic,has_a_track-workshop-tutorial_topic,4
has_a_steering_committee,has_a_commtitee,15
has_a_commtitee,has_a_commtitee,16
has_a_steering_committee,has_a_steering_committee,5
belongs_to_a_review_reference,belongs_to_a_review_reference,4
is_part_of_conference_volumes,is_part_of_conference_volumes,10
has_members,has_members,4
has_a_submitted_contribution,has_a_submitted_contribution,2
is_given_by,is_given_by,2
has_tutorials,has_tutorials,4
