node,visits
has_parts,10
is_given_by,0
was_a_committee_chair_of,0
was_a_program_committee_of,0
is_submitted_at,0
belong_to_a_conference_volume,0
has_a_review,0
belongs_to_reviewers,0
has_a_review_expertise,0
invites_co-reviewers,0
has_tutorials,0
has_a_track-workshop-tutorial_topic,0
has_an_organizing_committee,3
is_part_of_conference_volumes,0
has_a_steering_committee,0
has_a_committee_chair,0
invited_by,0
has_workshops,0
has_contributions,11
has_tracks,1
was_a_steering_committee_of,0
is_a_topis_of_conference_parts,0
was_a_track-workshop_chair_of,0
has_a_program_committee,0
has_a_track-workshop-tutorial_chair,11
has_a_review_reference_or_expertise,0
gives_presentations,0
has_a_committee_co-chair,0
has_a_topic_or_a_submission_contribution,11
has_members,0
contributes,0
was_a_committe_co-chair_of,0
has_a_commtitee,8
has_been_assigned_a_review_reference,0
was_an_organizing_committee_of,0
has_a_submitted_contribution,0
has_a_publisher,11
is_the_1th_part_of,0
was_a_committee_of,11
reviews,0
was_a_member_of,0
issues,22
has_authors,0
belongs_to_a_review_reference,11
has_important_dates,0
has_an_abstract,0
